Location,What,Value,Unit
Driver,kernel_time,2.0016e-05,second
GPU[1].CommandProcessor,kernel_time,2.0014e-05,second
GPU[1].SA[0].CU[0],cu_inst_count,2270.0,count
GPU[1].SA[0].CU[0],cu_CPI,8.81762114537445,cycles/inst
GPU[1].SA[0].CU[0],simd_inst_count,1870.0,count
GPU[1].SA[0].CU[0],simd_CPI,10.703743315508,cycles/inst
GPU[1].SA[0].CU[1],cu_inst_count,2270.0,count
GPU[1].SA[0].CU[1],cu_CPI,8.81762114537445,cycles/inst
GPU[1].SA[0].CU[1],simd_inst_count,1870.0,count
GPU[1].SA[0].CU[1],simd_CPI,10.703743315508,cycles/inst
GPU[1].SA[0].CU[2],cu_inst_count,2270.0,count
GPU[1].SA[0].CU[2],cu_CPI,8.81762114537445,cycles/inst
GPU[1].SA[0].CU[2],simd_inst_count,1870.0,count
GPU[1].SA[0].CU[2],simd_CPI,10.703743315508,cycles/inst
GPU[1].SA[0].CU[3],cu_inst_count,2270.0,count
GPU[1].SA[0].CU[3],cu_CPI,8.81762114537445,cycles/inst
GPU[1].SA[0].CU[3],simd_inst_count,1870.0,count
GPU[1].SA[0].CU[3],simd_CPI,10.703743315508,cycles/inst
GPU[1].SA[1].CU[0],cu_inst_count,0.0,count
GPU[1].SA[1].CU[0],cu_CPI,Inf,cycles/inst
GPU[1].SA[1].CU[0],simd_inst_count,0.0,count
GPU[1].SA[1].CU[0],simd_CPI,Inf,cycles/inst
GPU[1].SA[1].CU[1],cu_inst_count,0.0,count
GPU[1].SA[1].CU[1],cu_CPI,Inf,cycles/inst
GPU[1].SA[1].CU[1],simd_inst_count,0.0,count
GPU[1].SA[1].CU[1],simd_CPI,Inf,cycles/inst
GPU[1].SA[1].CU[2],cu_inst_count,0.0,count
GPU[1].SA[1].CU[2],cu_CPI,Inf,cycles/inst
GPU[1].SA[1].CU[2],simd_inst_count,0.0,count
GPU[1].SA[1].CU[2],simd_CPI,Inf,cycles/inst
GPU[1].SA[1].CU[3],cu_inst_count,0.0,count
GPU[1].SA[1].CU[3],cu_CPI,Inf,cycles/inst
GPU[1].SA[1].CU[3],simd_inst_count,0.0,count
GPU[1].SA[1].CU[3],simd_CPI,Inf,cycles/inst
GPU[1].SA[2].CU[0],cu_inst_count,0.0,count
GPU[1].SA[2].CU[0],cu_CPI,Inf,cycles/inst
GPU[1].SA[2].CU[0],simd_inst_count,0.0,count
GPU[1].SA[2].CU[0],simd_CPI,Inf,cycles/inst
GPU[1].SA[2].CU[1],cu_inst_count,0.0,count
GPU[1].SA[2].CU[1],cu_CPI,Inf,cycles/inst
GPU[1].SA[2].CU[1],simd_inst_count,0.0,count
GPU[1].SA[2].CU[1],simd_CPI,Inf,cycles/inst
GPU[1].SA[2].CU[2],cu_inst_count,0.0,count
GPU[1].SA[2].CU[2],cu_CPI,Inf,cycles/inst
GPU[1].SA[2].CU[2],simd_inst_count,0.0,count
GPU[1].SA[2].CU[2],simd_CPI,Inf,cycles/inst
GPU[1].SA[2].CU[3],cu_inst_count,0.0,count
GPU[1].SA[2].CU[3],cu_CPI,Inf,cycles/inst
GPU[1].SA[2].CU[3],simd_inst_count,0.0,count
GPU[1].SA[2].CU[3],simd_CPI,Inf,cycles/inst
GPU[1].SA[3].CU[0],cu_inst_count,0.0,count
GPU[1].SA[3].CU[0],cu_CPI,Inf,cycles/inst
GPU[1].SA[3].CU[0],simd_inst_count,0.0,count
GPU[1].SA[3].CU[0],simd_CPI,Inf,cycles/inst
GPU[1].SA[3].CU[1],cu_inst_count,0.0,count
GPU[1].SA[3].CU[1],cu_CPI,Inf,cycles/inst
GPU[1].SA[3].CU[1],simd_inst_count,0.0,count
GPU[1].SA[3].CU[1],simd_CPI,Inf,cycles/inst
GPU[1].SA[3].CU[2],cu_inst_count,0.0,count
GPU[1].SA[3].CU[2],cu_CPI,Inf,cycles/inst
GPU[1].SA[3].CU[2],simd_inst_count,0.0,count
GPU[1].SA[3].CU[2],simd_CPI,Inf,cycles/inst
GPU[1].SA[3].CU[3],cu_inst_count,0.0,count
GPU[1].SA[3].CU[3],cu_CPI,Inf,cycles/inst
GPU[1].SA[3].CU[3],simd_inst_count,0.0,count
GPU[1].SA[3].CU[3],simd_CPI,Inf,cycles/inst
GPU[1].SA[4].CU[0],cu_inst_count,0.0,count
GPU[1].SA[4].CU[0],cu_CPI,Inf,cycles/inst
GPU[1].SA[4].CU[0],simd_inst_count,0.0,count
GPU[1].SA[4].CU[0],simd_CPI,Inf,cycles/inst
GPU[1].SA[4].CU[1],cu_inst_count,0.0,count
GPU[1].SA[4].CU[1],cu_CPI,Inf,cycles/inst
GPU[1].SA[4].CU[1],simd_inst_count,0.0,count
GPU[1].SA[4].CU[1],simd_CPI,Inf,cycles/inst
GPU[1].SA[4].CU[2],cu_inst_count,0.0,count
GPU[1].SA[4].CU[2],cu_CPI,Inf,cycles/inst
GPU[1].SA[4].CU[2],simd_inst_count,0.0,count
GPU[1].SA[4].CU[2],simd_CPI,Inf,cycles/inst
GPU[1].SA[4].CU[3],cu_inst_count,0.0,count
GPU[1].SA[4].CU[3],cu_CPI,Inf,cycles/inst
GPU[1].SA[4].CU[3],simd_inst_count,0.0,count
GPU[1].SA[4].CU[3],simd_CPI,Inf,cycles/inst
GPU[1].SA[5].CU[0],cu_inst_count,0.0,count
GPU[1].SA[5].CU[0],cu_CPI,Inf,cycles/inst
GPU[1].SA[5].CU[0],simd_inst_count,0.0,count
GPU[1].SA[5].CU[0],simd_CPI,Inf,cycles/inst
GPU[1].SA[5].CU[1],cu_inst_count,0.0,count
GPU[1].SA[5].CU[1],cu_CPI,Inf,cycles/inst
GPU[1].SA[5].CU[1],simd_inst_count,0.0,count
GPU[1].SA[5].CU[1],simd_CPI,Inf,cycles/inst
GPU[1].SA[5].CU[2],cu_inst_count,0.0,count
GPU[1].SA[5].CU[2],cu_CPI,Inf,cycles/inst
GPU[1].SA[5].CU[2],simd_inst_count,0.0,count
GPU[1].SA[5].CU[2],simd_CPI,Inf,cycles/inst
GPU[1].SA[5].CU[3],cu_inst_count,0.0,count
GPU[1].SA[5].CU[3],cu_CPI,Inf,cycles/inst
GPU[1].SA[5].CU[3],simd_inst_count,0.0,count
GPU[1].SA[5].CU[3],simd_CPI,Inf,cycles/inst
GPU[1].SA[6].CU[0],cu_inst_count,0.0,count
GPU[1].SA[6].CU[0],cu_CPI,Inf,cycles/inst
GPU[1].SA[6].CU[0],simd_inst_count,0.0,count
GPU[1].SA[6].CU[0],simd_CPI,Inf,cycles/inst
GPU[1].SA[6].CU[1],cu_inst_count,0.0,count
GPU[1].SA[6].CU[1],cu_CPI,Inf,cycles/inst
GPU[1].SA[6].CU[1],simd_inst_count,0.0,count
GPU[1].SA[6].CU[1],simd_CPI,Inf,cycles/inst
GPU[1].SA[6].CU[2],cu_inst_count,0.0,count
GPU[1].SA[6].CU[2],cu_CPI,Inf,cycles/inst
GPU[1].SA[6].CU[2],simd_inst_count,0.0,count
GPU[1].SA[6].CU[2],simd_CPI,Inf,cycles/inst
GPU[1].SA[6].CU[3],cu_inst_count,0.0,count
GPU[1].SA[6].CU[3],cu_CPI,Inf,cycles/inst
GPU[1].SA[6].CU[3],simd_inst_count,0.0,count
GPU[1].SA[6].CU[3],simd_CPI,Inf,cycles/inst
GPU[1].SA[7].CU[0],cu_inst_count,0.0,count
GPU[1].SA[7].CU[0],cu_CPI,Inf,cycles/inst
GPU[1].SA[7].CU[0],simd_inst_count,0.0,count
GPU[1].SA[7].CU[0],simd_CPI,Inf,cycles/inst
GPU[1].SA[7].CU[1],cu_inst_count,0.0,count
GPU[1].SA[7].CU[1],cu_CPI,Inf,cycles/inst
GPU[1].SA[7].CU[1],simd_inst_count,0.0,count
GPU[1].SA[7].CU[1],simd_CPI,Inf,cycles/inst
GPU[1].SA[7].CU[2],cu_inst_count,0.0,count
GPU[1].SA[7].CU[2],cu_CPI,Inf,cycles/inst
GPU[1].SA[7].CU[2],simd_inst_count,0.0,count
GPU[1].SA[7].CU[2],simd_CPI,Inf,cycles/inst
GPU[1].SA[7].CU[3],cu_inst_count,0.0,count
GPU[1].SA[7].CU[3],cu_CPI,Inf,cycles/inst
GPU[1].SA[7].CU[3],simd_inst_count,0.0,count
GPU[1].SA[7].CU[3],simd_CPI,Inf,cycles/inst
GPU[1].SA[8].CU[0],cu_inst_count,0.0,count
GPU[1].SA[8].CU[0],cu_CPI,Inf,cycles/inst
GPU[1].SA[8].CU[0],simd_inst_count,0.0,count
GPU[1].SA[8].CU[0],simd_CPI,Inf,cycles/inst
GPU[1].SA[8].CU[1],cu_inst_count,0.0,count
GPU[1].SA[8].CU[1],cu_CPI,Inf,cycles/inst
GPU[1].SA[8].CU[1],simd_inst_count,0.0,count
GPU[1].SA[8].CU[1],simd_CPI,Inf,cycles/inst
GPU[1].SA[8].CU[2],cu_inst_count,0.0,count
GPU[1].SA[8].CU[2],cu_CPI,Inf,cycles/inst
GPU[1].SA[8].CU[2],simd_inst_count,0.0,count
GPU[1].SA[8].CU[2],simd_CPI,Inf,cycles/inst
GPU[1].SA[8].CU[3],cu_inst_count,0.0,count
GPU[1].SA[8].CU[3],cu_CPI,Inf,cycles/inst
GPU[1].SA[8].CU[3],simd_inst_count,0.0,count
GPU[1].SA[8].CU[3],simd_CPI,Inf,cycles/inst
GPU[1].SA[9].CU[0],cu_inst_count,0.0,count
GPU[1].SA[9].CU[0],cu_CPI,Inf,cycles/inst
GPU[1].SA[9].CU[0],simd_inst_count,0.0,count
GPU[1].SA[9].CU[0],simd_CPI,Inf,cycles/inst
GPU[1].SA[9].CU[1],cu_inst_count,0.0,count
GPU[1].SA[9].CU[1],cu_CPI,Inf,cycles/inst
GPU[1].SA[9].CU[1],simd_inst_count,0.0,count
GPU[1].SA[9].CU[1],simd_CPI,Inf,cycles/inst
GPU[1].SA[9].CU[2],cu_inst_count,0.0,count
GPU[1].SA[9].CU[2],cu_CPI,Inf,cycles/inst
GPU[1].SA[9].CU[2],simd_inst_count,0.0,count
GPU[1].SA[9].CU[2],simd_CPI,Inf,cycles/inst
GPU[1].SA[9].CU[3],cu_inst_count,0.0,count
GPU[1].SA[9].CU[3],cu_CPI,Inf,cycles/inst
GPU[1].SA[9].CU[3],simd_inst_count,0.0,count
GPU[1].SA[9].CU[3],simd_CPI,Inf,cycles/inst
GPU[1].SA[10].CU[0],cu_inst_count,0.0,count
GPU[1].SA[10].CU[0],cu_CPI,Inf,cycles/inst
GPU[1].SA[10].CU[0],simd_inst_count,0.0,count
GPU[1].SA[10].CU[0],simd_CPI,Inf,cycles/inst
GPU[1].SA[10].CU[1],cu_inst_count,0.0,count
GPU[1].SA[10].CU[1],cu_CPI,Inf,cycles/inst
GPU[1].SA[10].CU[1],simd_inst_count,0.0,count
GPU[1].SA[10].CU[1],simd_CPI,Inf,cycles/inst
GPU[1].SA[10].CU[2],cu_inst_count,0.0,count
GPU[1].SA[10].CU[2],cu_CPI,Inf,cycles/inst
GPU[1].SA[10].CU[2],simd_inst_count,0.0,count
GPU[1].SA[10].CU[2],simd_CPI,Inf,cycles/inst
GPU[1].SA[10].CU[3],cu_inst_count,0.0,count
GPU[1].SA[10].CU[3],cu_CPI,Inf,cycles/inst
GPU[1].SA[10].CU[3],simd_inst_count,0.0,count
GPU[1].SA[10].CU[3],simd_CPI,Inf,cycles/inst
GPU[1].SA[11].CU[0],cu_inst_count,0.0,count
GPU[1].SA[11].CU[0],cu_CPI,Inf,cycles/inst
GPU[1].SA[11].CU[0],simd_inst_count,0.0,count
GPU[1].SA[11].CU[0],simd_CPI,Inf,cycles/inst
GPU[1].SA[11].CU[1],cu_inst_count,0.0,count
GPU[1].SA[11].CU[1],cu_CPI,Inf,cycles/inst
GPU[1].SA[11].CU[1],simd_inst_count,0.0,count
GPU[1].SA[11].CU[1],simd_CPI,Inf,cycles/inst
GPU[1].SA[11].CU[2],cu_inst_count,0.0,count
GPU[1].SA[11].CU[2],cu_CPI,Inf,cycles/inst
GPU[1].SA[11].CU[2],simd_inst_count,0.0,count
GPU[1].SA[11].CU[2],simd_CPI,Inf,cycles/inst
GPU[1].SA[11].CU[3],cu_inst_count,0.0,count
GPU[1].SA[11].CU[3],cu_CPI,Inf,cycles/inst
GPU[1].SA[11].CU[3],simd_inst_count,0.0,count
GPU[1].SA[11].CU[3],simd_CPI,Inf,cycles/inst
GPU[1].SA[12].CU[0],cu_inst_count,0.0,count
GPU[1].SA[12].CU[0],cu_CPI,Inf,cycles/inst
GPU[1].SA[12].CU[0],simd_inst_count,0.0,count
GPU[1].SA[12].CU[0],simd_CPI,Inf,cycles/inst
GPU[1].SA[12].CU[1],cu_inst_count,0.0,count
GPU[1].SA[12].CU[1],cu_CPI,Inf,cycles/inst
GPU[1].SA[12].CU[1],simd_inst_count,0.0,count
GPU[1].SA[12].CU[1],simd_CPI,Inf,cycles/inst
GPU[1].SA[12].CU[2],cu_inst_count,0.0,count
GPU[1].SA[12].CU[2],cu_CPI,Inf,cycles/inst
GPU[1].SA[12].CU[2],simd_inst_count,0.0,count
GPU[1].SA[12].CU[2],simd_CPI,Inf,cycles/inst
GPU[1].SA[12].CU[3],cu_inst_count,0.0,count
GPU[1].SA[12].CU[3],cu_CPI,Inf,cycles/inst
GPU[1].SA[12].CU[3],simd_inst_count,0.0,count
GPU[1].SA[12].CU[3],simd_CPI,Inf,cycles/inst
GPU[1].SA[13].CU[0],cu_inst_count,0.0,count
GPU[1].SA[13].CU[0],cu_CPI,Inf,cycles/inst
GPU[1].SA[13].CU[0],simd_inst_count,0.0,count
GPU[1].SA[13].CU[0],simd_CPI,Inf,cycles/inst
GPU[1].SA[13].CU[1],cu_inst_count,0.0,count
GPU[1].SA[13].CU[1],cu_CPI,Inf,cycles/inst
GPU[1].SA[13].CU[1],simd_inst_count,0.0,count
GPU[1].SA[13].CU[1],simd_CPI,Inf,cycles/inst
GPU[1].SA[13].CU[2],cu_inst_count,0.0,count
GPU[1].SA[13].CU[2],cu_CPI,Inf,cycles/inst
GPU[1].SA[13].CU[2],simd_inst_count,0.0,count
GPU[1].SA[13].CU[2],simd_CPI,Inf,cycles/inst
GPU[1].SA[13].CU[3],cu_inst_count,0.0,count
GPU[1].SA[13].CU[3],cu_CPI,Inf,cycles/inst
GPU[1].SA[13].CU[3],simd_inst_count,0.0,count
GPU[1].SA[13].CU[3],simd_CPI,Inf,cycles/inst
GPU[1].SA[14].CU[0],cu_inst_count,0.0,count
GPU[1].SA[14].CU[0],cu_CPI,Inf,cycles/inst
GPU[1].SA[14].CU[0],simd_inst_count,0.0,count
GPU[1].SA[14].CU[0],simd_CPI,Inf,cycles/inst
GPU[1].SA[14].CU[1],cu_inst_count,0.0,count
GPU[1].SA[14].CU[1],cu_CPI,Inf,cycles/inst
GPU[1].SA[14].CU[1],simd_inst_count,0.0,count
GPU[1].SA[14].CU[1],simd_CPI,Inf,cycles/inst
GPU[1].SA[14].CU[2],cu_inst_count,0.0,count
GPU[1].SA[14].CU[2],cu_CPI,Inf,cycles/inst
GPU[1].SA[14].CU[2],simd_inst_count,0.0,count
GPU[1].SA[14].CU[2],simd_CPI,Inf,cycles/inst
GPU[1].SA[14].CU[3],cu_inst_count,0.0,count
GPU[1].SA[14].CU[3],cu_CPI,Inf,cycles/inst
GPU[1].SA[14].CU[3],simd_inst_count,0.0,count
GPU[1].SA[14].CU[3],simd_CPI,Inf,cycles/inst
GPU[1].SA[15].CU[0],cu_inst_count,0.0,count
GPU[1].SA[15].CU[0],cu_CPI,Inf,cycles/inst
GPU[1].SA[15].CU[0],simd_inst_count,0.0,count
GPU[1].SA[15].CU[0],simd_CPI,Inf,cycles/inst
GPU[1].SA[15].CU[1],cu_inst_count,0.0,count
GPU[1].SA[15].CU[1],cu_CPI,Inf,cycles/inst
GPU[1].SA[15].CU[1],simd_inst_count,0.0,count
GPU[1].SA[15].CU[1],simd_CPI,Inf,cycles/inst
GPU[1].SA[15].CU[2],cu_inst_count,0.0,count
GPU[1].SA[15].CU[2],cu_CPI,Inf,cycles/inst
GPU[1].SA[15].CU[2],simd_inst_count,0.0,count
GPU[1].SA[15].CU[2],simd_CPI,Inf,cycles/inst
GPU[1].SA[15].CU[3],cu_inst_count,0.0,count
GPU[1].SA[15].CU[3],cu_CPI,Inf,cycles/inst
GPU[1].SA[15].CU[3],simd_inst_count,0.0,count
GPU[1].SA[15].CU[3],simd_CPI,Inf,cycles/inst
GPU[1].SA[0].CU[0],CPIStack.Branch,0.0264317180616738,cycles/inst
GPU[1].SA[0].CU[0],CPIStack.Fetch,0.500000000000002,cycles/inst
GPU[1].SA[0].CU[0],CPIStack.Idle,0.0158590308370024,cycles/inst
GPU[1].SA[0].CU[0],CPIStack.LDS,0.570925110132162,cycles/inst
GPU[1].SA[0].CU[0],CPIStack.ScalarInst,0.167400881057267,cycles/inst
GPU[1].SA[0].CU[0],CPIStack.ScalarMem,0.107929515418502,cycles/inst
GPU[1].SA[0].CU[0],CPIStack.ScalarMemInst,0.0026431718061676,cycles/inst
GPU[1].SA[0].CU[0],CPIStack.Special,0.0436123348017633,cycles/inst
GPU[1].SA[0].CU[0],CPIStack.VALU,4.11894273127753,cycles/inst
GPU[1].SA[0].CU[0],CPIStack.VMem,1.51101321585903,cycles/inst
GPU[1].SA[0].CU[0],CPIStack.VMemInst,0.162555066079294,cycles/inst
GPU[1].SA[0].CU[0],CPIStack.total,7.22775330396476,cycles/inst
GPU[1].SA[0].CU[0],SIMDCPIStack.Branch,0.0320855614973259,cycles/inst
GPU[1].SA[0].CU[0],SIMDCPIStack.Fetch,0.606951871657756,cycles/inst
GPU[1].SA[0].CU[0],SIMDCPIStack.Idle,0.0192513368983933,cycles/inst
GPU[1].SA[0].CU[0],SIMDCPIStack.LDS,0.69304812834225,cycles/inst
GPU[1].SA[0].CU[0],SIMDCPIStack.ScalarInst,0.203208556149731,cycles/inst
GPU[1].SA[0].CU[0],SIMDCPIStack.ScalarMem,0.131016042780748,cycles/inst
GPU[1].SA[0].CU[0],SIMDCPIStack.ScalarMemInst,0.00320855614973286,cycles/inst
GPU[1].SA[0].CU[0],SIMDCPIStack.Special,0.0529411764705897,cycles/inst
GPU[1].SA[0].CU[0],SIMDCPIStack.VALU,5.0,cycles/inst
GPU[1].SA[0].CU[0],SIMDCPIStack.VMem,1.83422459893048,cycles/inst
GPU[1].SA[0].CU[0],SIMDCPIStack.VMemInst,0.197326203208555,cycles/inst
GPU[1].SA[0].CU[0],SIMDCPIStack.total,8.77379679144385,cycles/inst
GPU[1].SA[0].CU[1],CPIStack.Branch,0.0264317180616741,cycles/inst
GPU[1].SA[0].CU[1],CPIStack.Fetch,0.498237885462558,cycles/inst
GPU[1].SA[0].CU[1],CPIStack.Idle,0.0158590308370013,cycles/inst
GPU[1].SA[0].CU[1],CPIStack.LDS,0.570925110132162,cycles/inst
GPU[1].SA[0].CU[1],CPIStack.ScalarInst,0.167400881057267,cycles/inst
GPU[1].SA[0].CU[1],CPIStack.ScalarMem,0.107929515418502,cycles/inst
GPU[1].SA[0].CU[1],CPIStack.ScalarMemInst,0.0026431718061676,cycles/inst
GPU[1].SA[0].CU[1],CPIStack.Special,0.0436123348017633,cycles/inst
GPU[1].SA[0].CU[1],CPIStack.VALU,4.11894273127753,cycles/inst
GPU[1].SA[0].CU[1],CPIStack.VMem,1.51277533039648,cycles/inst
GPU[1].SA[0].CU[1],CPIStack.VMemInst,0.162555066079294,cycles/inst
GPU[1].SA[0].CU[1],CPIStack.total,7.22775330396476,cycles/inst
GPU[1].SA[0].CU[1],SIMDCPIStack.Branch,0.0320855614973263,cycles/inst
GPU[1].SA[0].CU[1],SIMDCPIStack.Fetch,0.604812834224602,cycles/inst
GPU[1].SA[0].CU[1],SIMDCPIStack.Idle,0.019251336898392,cycles/inst
GPU[1].SA[0].CU[1],SIMDCPIStack.LDS,0.69304812834225,cycles/inst
GPU[1].SA[0].CU[1],SIMDCPIStack.ScalarInst,0.203208556149731,cycles/inst
GPU[1].SA[0].CU[1],SIMDCPIStack.ScalarMem,0.131016042780748,cycles/inst
GPU[1].SA[0].CU[1],SIMDCPIStack.ScalarMemInst,0.00320855614973286,cycles/inst
GPU[1].SA[0].CU[1],SIMDCPIStack.Special,0.0529411764705897,cycles/inst
GPU[1].SA[0].CU[1],SIMDCPIStack.VALU,5.0,cycles/inst
GPU[1].SA[0].CU[1],SIMDCPIStack.VMem,1.83636363636364,cycles/inst
GPU[1].SA[0].CU[1],SIMDCPIStack.VMemInst,0.197326203208555,cycles/inst
GPU[1].SA[0].CU[1],SIMDCPIStack.total,8.77379679144385,cycles/inst
GPU[1].SA[0].CU[2],CPIStack.Branch,0.0264317180616741,cycles/inst
GPU[1].SA[0].CU[2],CPIStack.Fetch,0.500881057268724,cycles/inst
GPU[1].SA[0].CU[2],CPIStack.Idle,0.0158590308370017,cycles/inst
GPU[1].SA[0].CU[2],CPIStack.LDS,0.57092511013216,cycles/inst
GPU[1].SA[0].CU[2],CPIStack.ScalarInst,0.167400881057268,cycles/inst
GPU[1].SA[0].CU[2],CPIStack.ScalarMem,0.107929515418502,cycles/inst
GPU[1].SA[0].CU[2],CPIStack.ScalarMemInst,0.0026431718061676,cycles/inst
GPU[1].SA[0].CU[2],CPIStack.Special,0.0436123348017648,cycles/inst
GPU[1].SA[0].CU[2],CPIStack.VALU,4.11894273127753,cycles/inst
GPU[1].SA[0].CU[2],CPIStack.VMem,1.51013215859031,cycles/inst
GPU[1].SA[0].CU[2],CPIStack.VMemInst,0.162555066079294,cycles/inst
GPU[1].SA[0].CU[2],CPIStack.total,7.22775330396476,cycles/inst
GPU[1].SA[0].CU[2],SIMDCPIStack.Branch,0.0320855614973263,cycles/inst
GPU[1].SA[0].CU[2],SIMDCPIStack.Fetch,0.608021390374334,cycles/inst
GPU[1].SA[0].CU[2],SIMDCPIStack.Idle,0.0192513368983924,cycles/inst
GPU[1].SA[0].CU[2],SIMDCPIStack.LDS,0.693048128342248,cycles/inst
GPU[1].SA[0].CU[2],SIMDCPIStack.ScalarInst,0.203208556149732,cycles/inst
GPU[1].SA[0].CU[2],SIMDCPIStack.ScalarMem,0.131016042780748,cycles/inst
GPU[1].SA[0].CU[2],SIMDCPIStack.ScalarMemInst,0.00320855614973286,cycles/inst
GPU[1].SA[0].CU[2],SIMDCPIStack.Special,0.0529411764705915,cycles/inst
GPU[1].SA[0].CU[2],SIMDCPIStack.VALU,5.0,cycles/inst
GPU[1].SA[0].CU[2],SIMDCPIStack.VMem,1.8331550802139,cycles/inst
GPU[1].SA[0].CU[2],SIMDCPIStack.VMemInst,0.197326203208555,cycles/inst
GPU[1].SA[0].CU[2],SIMDCPIStack.total,8.77379679144385,cycles/inst
GPU[1].SA[0].CU[3],CPIStack.Branch,0.0264317180616741,cycles/inst
GPU[1].SA[0].CU[3],CPIStack.Fetch,0.503083700440531,cycles/inst
GPU[1].SA[0].CU[3],CPIStack.Idle,0.0158590308370006,cycles/inst
GPU[1].SA[0].CU[3],CPIStack.LDS,0.57092511013216,cycles/inst
GPU[1].SA[0].CU[3],CPIStack.ScalarInst,0.167400881057268,cycles/inst
GPU[1].SA[0].CU[3],CPIStack.ScalarMem,0.107488986784141,cycles/inst
GPU[1].SA[0].CU[3],CPIStack.ScalarMemInst,0.0026431718061676,cycles/inst
GPU[1].SA[0].CU[3],CPIStack.Special,0.0436123348017652,cycles/inst
GPU[1].SA[0].CU[3],CPIStack.VALU,4.11894273127753,cycles/inst
GPU[1].SA[0].CU[3],CPIStack.VMem,1.50925110132159,cycles/inst
GPU[1].SA[0].CU[3],CPIStack.VMemInst,0.162555066079294,cycles/inst
GPU[1].SA[0].CU[3],CPIStack.total,7.22863436123348,cycles/inst
GPU[1].SA[0].CU[3],SIMDCPIStack.Branch,0.0320855614973263,cycles/inst
GPU[1].SA[0].CU[3],SIMDCPIStack.Fetch,0.610695187165778,cycles/inst
GPU[1].SA[0].CU[3],SIMDCPIStack.Idle,0.0192513368983911,cycles/inst
GPU[1].SA[0].CU[3],SIMDCPIStack.LDS,0.693048128342248,cycles/inst
GPU[1].SA[0].CU[3],SIMDCPIStack.ScalarInst,0.203208556149732,cycles/inst
GPU[1].SA[0].CU[3],SIMDCPIStack.ScalarMem,0.13048128342246,cycles/inst
GPU[1].SA[0].CU[3],SIMDCPIStack.ScalarMemInst,0.00320855614973286,cycles/inst
GPU[1].SA[0].CU[3],SIMDCPIStack.Special,0.052941176470592,cycles/inst
GPU[1].SA[0].CU[3],SIMDCPIStack.VALU,5.0,cycles/inst
GPU[1].SA[0].CU[3],SIMDCPIStack.VMem,1.83208556149733,cycles/inst
GPU[1].SA[0].CU[3],SIMDCPIStack.VMemInst,0.197326203208554,cycles/inst
GPU[1].SA[0].CU[3],SIMDCPIStack.total,8.77486631016043,cycles/inst
GPU[1].SA[1].CU[0],CPIStack.total,,cycles/inst
GPU[1].SA[1].CU[0],SIMDCPIStack.total,,cycles/inst
GPU[1].SA[1].CU[1],CPIStack.total,,cycles/inst
GPU[1].SA[1].CU[1],SIMDCPIStack.total,,cycles/inst
GPU[1].SA[1].CU[2],CPIStack.total,,cycles/inst
GPU[1].SA[1].CU[2],SIMDCPIStack.total,,cycles/inst
GPU[1].SA[1].CU[3],CPIStack.total,,cycles/inst
GPU[1].SA[1].CU[3],SIMDCPIStack.total,,cycles/inst
GPU[1].SA[2].CU[0],CPIStack.total,,cycles/inst
GPU[1].SA[2].CU[0],SIMDCPIStack.total,,cycles/inst
GPU[1].SA[2].CU[1],CPIStack.total,,cycles/inst
GPU[1].SA[2].CU[1],SIMDCPIStack.total,,cycles/inst
GPU[1].SA[2].CU[2],CPIStack.total,,cycles/inst
GPU[1].SA[2].CU[2],SIMDCPIStack.total,,cycles/inst
GPU[1].SA[2].CU[3],CPIStack.total,,cycles/inst
GPU[1].SA[2].CU[3],SIMDCPIStack.total,,cycles/inst
GPU[1].SA[3].CU[0],CPIStack.total,,cycles/inst
GPU[1].SA[3].CU[0],SIMDCPIStack.total,,cycles/inst
GPU[1].SA[3].CU[1],CPIStack.total,,cycles/inst
GPU[1].SA[3].CU[1],SIMDCPIStack.total,,cycles/inst
GPU[1].SA[3].CU[2],CPIStack.total,,cycles/inst
GPU[1].SA[3].CU[2],SIMDCPIStack.total,,cycles/inst
GPU[1].SA[3].CU[3],CPIStack.total,,cycles/inst
GPU[1].SA[3].CU[3],SIMDCPIStack.total,,cycles/inst
GPU[1].SA[4].CU[0],CPIStack.total,,cycles/inst
GPU[1].SA[4].CU[0],SIMDCPIStack.total,,cycles/inst
GPU[1].SA[4].CU[1],CPIStack.total,,cycles/inst
GPU[1].SA[4].CU[1],SIMDCPIStack.total,,cycles/inst
GPU[1].SA[4].CU[2],CPIStack.total,,cycles/inst
GPU[1].SA[4].CU[2],SIMDCPIStack.total,,cycles/inst
GPU[1].SA[4].CU[3],CPIStack.total,,cycles/inst
GPU[1].SA[4].CU[3],SIMDCPIStack.total,,cycles/inst
GPU[1].SA[5].CU[0],CPIStack.total,,cycles/inst
GPU[1].SA[5].CU[0],SIMDCPIStack.total,,cycles/inst
GPU[1].SA[5].CU[1],CPIStack.total,,cycles/inst
GPU[1].SA[5].CU[1],SIMDCPIStack.total,,cycles/inst
GPU[1].SA[5].CU[2],CPIStack.total,,cycles/inst
GPU[1].SA[5].CU[2],SIMDCPIStack.total,,cycles/inst
GPU[1].SA[5].CU[3],CPIStack.total,,cycles/inst
GPU[1].SA[5].CU[3],SIMDCPIStack.total,,cycles/inst
GPU[1].SA[6].CU[0],CPIStack.total,,cycles/inst
GPU[1].SA[6].CU[0],SIMDCPIStack.total,,cycles/inst
GPU[1].SA[6].CU[1],CPIStack.total,,cycles/inst
GPU[1].SA[6].CU[1],SIMDCPIStack.total,,cycles/inst
GPU[1].SA[6].CU[2],CPIStack.total,,cycles/inst
GPU[1].SA[6].CU[2],SIMDCPIStack.total,,cycles/inst
GPU[1].SA[6].CU[3],CPIStack.total,,cycles/inst
GPU[1].SA[6].CU[3],SIMDCPIStack.total,,cycles/inst
GPU[1].SA[7].CU[0],CPIStack.total,,cycles/inst
GPU[1].SA[7].CU[0],SIMDCPIStack.total,,cycles/inst
GPU[1].SA[7].CU[1],CPIStack.total,,cycles/inst
GPU[1].SA[7].CU[1],SIMDCPIStack.total,,cycles/inst
GPU[1].SA[7].CU[2],CPIStack.total,,cycles/inst
GPU[1].SA[7].CU[2],SIMDCPIStack.total,,cycles/inst
GPU[1].SA[7].CU[3],CPIStack.total,,cycles/inst
GPU[1].SA[7].CU[3],SIMDCPIStack.total,,cycles/inst
GPU[1].SA[8].CU[0],CPIStack.total,,cycles/inst
GPU[1].SA[8].CU[0],SIMDCPIStack.total,,cycles/inst
GPU[1].SA[8].CU[1],CPIStack.total,,cycles/inst
GPU[1].SA[8].CU[1],SIMDCPIStack.total,,cycles/inst
GPU[1].SA[8].CU[2],CPIStack.total,,cycles/inst
GPU[1].SA[8].CU[2],SIMDCPIStack.total,,cycles/inst
GPU[1].SA[8].CU[3],CPIStack.total,,cycles/inst
GPU[1].SA[8].CU[3],SIMDCPIStack.total,,cycles/inst
GPU[1].SA[9].CU[0],CPIStack.total,,cycles/inst
GPU[1].SA[9].CU[0],SIMDCPIStack.total,,cycles/inst
GPU[1].SA[9].CU[1],CPIStack.total,,cycles/inst
GPU[1].SA[9].CU[1],SIMDCPIStack.total,,cycles/inst
GPU[1].SA[9].CU[2],CPIStack.total,,cycles/inst
GPU[1].SA[9].CU[2],SIMDCPIStack.total,,cycles/inst
GPU[1].SA[9].CU[3],CPIStack.total,,cycles/inst
GPU[1].SA[9].CU[3],SIMDCPIStack.total,,cycles/inst
GPU[1].SA[10].CU[0],CPIStack.total,,cycles/inst
GPU[1].SA[10].CU[0],SIMDCPIStack.total,,cycles/inst
GPU[1].SA[10].CU[1],CPIStack.total,,cycles/inst
GPU[1].SA[10].CU[1],SIMDCPIStack.total,,cycles/inst
GPU[1].SA[10].CU[2],CPIStack.total,,cycles/inst
GPU[1].SA[10].CU[2],SIMDCPIStack.total,,cycles/inst
GPU[1].SA[10].CU[3],CPIStack.total,,cycles/inst
GPU[1].SA[10].CU[3],SIMDCPIStack.total,,cycles/inst
GPU[1].SA[11].CU[0],CPIStack.total,,cycles/inst
GPU[1].SA[11].CU[0],SIMDCPIStack.total,,cycles/inst
GPU[1].SA[11].CU[1],CPIStack.total,,cycles/inst
GPU[1].SA[11].CU[1],SIMDCPIStack.total,,cycles/inst
GPU[1].SA[11].CU[2],CPIStack.total,,cycles/inst
GPU[1].SA[11].CU[2],SIMDCPIStack.total,,cycles/inst
GPU[1].SA[11].CU[3],CPIStack.total,,cycles/inst
GPU[1].SA[11].CU[3],SIMDCPIStack.total,,cycles/inst
GPU[1].SA[12].CU[0],CPIStack.total,,cycles/inst
GPU[1].SA[12].CU[0],SIMDCPIStack.total,,cycles/inst
GPU[1].SA[12].CU[1],CPIStack.total,,cycles/inst
GPU[1].SA[12].CU[1],SIMDCPIStack.total,,cycles/inst
GPU[1].SA[12].CU[2],CPIStack.total,,cycles/inst
GPU[1].SA[12].CU[2],SIMDCPIStack.total,,cycles/inst
GPU[1].SA[12].CU[3],CPIStack.total,,cycles/inst
GPU[1].SA[12].CU[3],SIMDCPIStack.total,,cycles/inst
GPU[1].SA[13].CU[0],CPIStack.total,,cycles/inst
GPU[1].SA[13].CU[0],SIMDCPIStack.total,,cycles/inst
GPU[1].SA[13].CU[1],CPIStack.total,,cycles/inst
GPU[1].SA[13].CU[1],SIMDCPIStack.total,,cycles/inst
GPU[1].SA[13].CU[2],CPIStack.total,,cycles/inst
GPU[1].SA[13].CU[2],SIMDCPIStack.total,,cycles/inst
GPU[1].SA[13].CU[3],CPIStack.total,,cycles/inst
GPU[1].SA[13].CU[3],SIMDCPIStack.total,,cycles/inst
GPU[1].SA[14].CU[0],CPIStack.total,,cycles/inst
GPU[1].SA[14].CU[0],SIMDCPIStack.total,,cycles/inst
GPU[1].SA[14].CU[1],CPIStack.total,,cycles/inst
GPU[1].SA[14].CU[1],SIMDCPIStack.total,,cycles/inst
GPU[1].SA[14].CU[2],CPIStack.total,,cycles/inst
GPU[1].SA[14].CU[2],SIMDCPIStack.total,,cycles/inst
GPU[1].SA[14].CU[3],CPIStack.total,,cycles/inst
GPU[1].SA[14].CU[3],SIMDCPIStack.total,,cycles/inst
GPU[1].SA[15].CU[0],CPIStack.total,,cycles/inst
GPU[1].SA[15].CU[0],SIMDCPIStack.total,,cycles/inst
GPU[1].SA[15].CU[1],CPIStack.total,,cycles/inst
GPU[1].SA[15].CU[1],SIMDCPIStack.total,,cycles/inst
GPU[1].SA[15].CU[2],CPIStack.total,,cycles/inst
GPU[1].SA[15].CU[2],SIMDCPIStack.total,,cycles/inst
GPU[1].SA[15].CU[3],CPIStack.total,,cycles/inst
GPU[1].SA[15].CU[3],SIMDCPIStack.total,,cycles/inst
GPU[1].SA[0].CU[0].SIMD0,busy_time,7.48e-06,second
GPU[1].SA[0].CU[0].SIMD1,busy_time,0.0,second
GPU[1].SA[0].CU[0].SIMD2,busy_time,0.0,second
GPU[1].SA[0].CU[0].SIMD3,busy_time,0.0,second
GPU[1].SA[0].CU[1].SIMD0,busy_time,7.48e-06,second
GPU[1].SA[0].CU[1].SIMD1,busy_time,0.0,second
GPU[1].SA[0].CU[1].SIMD2,busy_time,0.0,second
GPU[1].SA[0].CU[1].SIMD3,busy_time,0.0,second
GPU[1].SA[0].CU[2].SIMD0,busy_time,7.48e-06,second
GPU[1].SA[0].CU[2].SIMD1,busy_time,0.0,second
GPU[1].SA[0].CU[2].SIMD2,busy_time,0.0,second
GPU[1].SA[0].CU[2].SIMD3,busy_time,0.0,second
GPU[1].SA[0].CU[3].SIMD0,busy_time,7.48e-06,second
GPU[1].SA[0].CU[3].SIMD1,busy_time,0.0,second
GPU[1].SA[0].CU[3].SIMD2,busy_time,0.0,second
GPU[1].SA[0].CU[3].SIMD3,busy_time,0.0,second
GPU[1].SA[1].CU[0].SIMD0,busy_time,0.0,second
GPU[1].SA[1].CU[0].SIMD1,busy_time,0.0,second
GPU[1].SA[1].CU[0].SIMD2,busy_time,0.0,second
GPU[1].SA[1].CU[0].SIMD3,busy_time,0.0,second
GPU[1].SA[1].CU[1].SIMD0,busy_time,0.0,second
GPU[1].SA[1].CU[1].SIMD1,busy_time,0.0,second
GPU[1].SA[1].CU[1].SIMD2,busy_time,0.0,second
GPU[1].SA[1].CU[1].SIMD3,busy_time,0.0,second
GPU[1].SA[1].CU[2].SIMD0,busy_time,0.0,second
GPU[1].SA[1].CU[2].SIMD1,busy_time,0.0,second
GPU[1].SA[1].CU[2].SIMD2,busy_time,0.0,second
GPU[1].SA[1].CU[2].SIMD3,busy_time,0.0,second
GPU[1].SA[1].CU[3].SIMD0,busy_time,0.0,second
GPU[1].SA[1].CU[3].SIMD1,busy_time,0.0,second
GPU[1].SA[1].CU[3].SIMD2,busy_time,0.0,second
GPU[1].SA[1].CU[3].SIMD3,busy_time,0.0,second
GPU[1].SA[2].CU[0].SIMD0,busy_time,0.0,second
GPU[1].SA[2].CU[0].SIMD1,busy_time,0.0,second
GPU[1].SA[2].CU[0].SIMD2,busy_time,0.0,second
GPU[1].SA[2].CU[0].SIMD3,busy_time,0.0,second
GPU[1].SA[2].CU[1].SIMD0,busy_time,0.0,second
GPU[1].SA[2].CU[1].SIMD1,busy_time,0.0,second
GPU[1].SA[2].CU[1].SIMD2,busy_time,0.0,second
GPU[1].SA[2].CU[1].SIMD3,busy_time,0.0,second
GPU[1].SA[2].CU[2].SIMD0,busy_time,0.0,second
GPU[1].SA[2].CU[2].SIMD1,busy_time,0.0,second
GPU[1].SA[2].CU[2].SIMD2,busy_time,0.0,second
GPU[1].SA[2].CU[2].SIMD3,busy_time,0.0,second
GPU[1].SA[2].CU[3].SIMD0,busy_time,0.0,second
GPU[1].SA[2].CU[3].SIMD1,busy_time,0.0,second
GPU[1].SA[2].CU[3].SIMD2,busy_time,0.0,second
GPU[1].SA[2].CU[3].SIMD3,busy_time,0.0,second
GPU[1].SA[3].CU[0].SIMD0,busy_time,0.0,second
GPU[1].SA[3].CU[0].SIMD1,busy_time,0.0,second
GPU[1].SA[3].CU[0].SIMD2,busy_time,0.0,second
GPU[1].SA[3].CU[0].SIMD3,busy_time,0.0,second
GPU[1].SA[3].CU[1].SIMD0,busy_time,0.0,second
GPU[1].SA[3].CU[1].SIMD1,busy_time,0.0,second
GPU[1].SA[3].CU[1].SIMD2,busy_time,0.0,second
GPU[1].SA[3].CU[1].SIMD3,busy_time,0.0,second
GPU[1].SA[3].CU[2].SIMD0,busy_time,0.0,second
GPU[1].SA[3].CU[2].SIMD1,busy_time,0.0,second
GPU[1].SA[3].CU[2].SIMD2,busy_time,0.0,second
GPU[1].SA[3].CU[2].SIMD3,busy_time,0.0,second
GPU[1].SA[3].CU[3].SIMD0,busy_time,0.0,second
GPU[1].SA[3].CU[3].SIMD1,busy_time,0.0,second
GPU[1].SA[3].CU[3].SIMD2,busy_time,0.0,second
GPU[1].SA[3].CU[3].SIMD3,busy_time,0.0,second
GPU[1].SA[4].CU[0].SIMD0,busy_time,0.0,second
GPU[1].SA[4].CU[0].SIMD1,busy_time,0.0,second
GPU[1].SA[4].CU[0].SIMD2,busy_time,0.0,second
GPU[1].SA[4].CU[0].SIMD3,busy_time,0.0,second
GPU[1].SA[4].CU[1].SIMD0,busy_time,0.0,second
GPU[1].SA[4].CU[1].SIMD1,busy_time,0.0,second
GPU[1].SA[4].CU[1].SIMD2,busy_time,0.0,second
GPU[1].SA[4].CU[1].SIMD3,busy_time,0.0,second
GPU[1].SA[4].CU[2].SIMD0,busy_time,0.0,second
GPU[1].SA[4].CU[2].SIMD1,busy_time,0.0,second
GPU[1].SA[4].CU[2].SIMD2,busy_time,0.0,second
GPU[1].SA[4].CU[2].SIMD3,busy_time,0.0,second
GPU[1].SA[4].CU[3].SIMD0,busy_time,0.0,second
GPU[1].SA[4].CU[3].SIMD1,busy_time,0.0,second
GPU[1].SA[4].CU[3].SIMD2,busy_time,0.0,second
GPU[1].SA[4].CU[3].SIMD3,busy_time,0.0,second
GPU[1].SA[5].CU[0].SIMD0,busy_time,0.0,second
GPU[1].SA[5].CU[0].SIMD1,busy_time,0.0,second
GPU[1].SA[5].CU[0].SIMD2,busy_time,0.0,second
GPU[1].SA[5].CU[0].SIMD3,busy_time,0.0,second
GPU[1].SA[5].CU[1].SIMD0,busy_time,0.0,second
GPU[1].SA[5].CU[1].SIMD1,busy_time,0.0,second
GPU[1].SA[5].CU[1].SIMD2,busy_time,0.0,second
GPU[1].SA[5].CU[1].SIMD3,busy_time,0.0,second
GPU[1].SA[5].CU[2].SIMD0,busy_time,0.0,second
GPU[1].SA[5].CU[2].SIMD1,busy_time,0.0,second
GPU[1].SA[5].CU[2].SIMD2,busy_time,0.0,second
GPU[1].SA[5].CU[2].SIMD3,busy_time,0.0,second
GPU[1].SA[5].CU[3].SIMD0,busy_time,0.0,second
GPU[1].SA[5].CU[3].SIMD1,busy_time,0.0,second
GPU[1].SA[5].CU[3].SIMD2,busy_time,0.0,second
GPU[1].SA[5].CU[3].SIMD3,busy_time,0.0,second
GPU[1].SA[6].CU[0].SIMD0,busy_time,0.0,second
GPU[1].SA[6].CU[0].SIMD1,busy_time,0.0,second
GPU[1].SA[6].CU[0].SIMD2,busy_time,0.0,second
GPU[1].SA[6].CU[0].SIMD3,busy_time,0.0,second
GPU[1].SA[6].CU[1].SIMD0,busy_time,0.0,second
GPU[1].SA[6].CU[1].SIMD1,busy_time,0.0,second
GPU[1].SA[6].CU[1].SIMD2,busy_time,0.0,second
GPU[1].SA[6].CU[1].SIMD3,busy_time,0.0,second
GPU[1].SA[6].CU[2].SIMD0,busy_time,0.0,second
GPU[1].SA[6].CU[2].SIMD1,busy_time,0.0,second
GPU[1].SA[6].CU[2].SIMD2,busy_time,0.0,second
GPU[1].SA[6].CU[2].SIMD3,busy_time,0.0,second
GPU[1].SA[6].CU[3].SIMD0,busy_time,0.0,second
GPU[1].SA[6].CU[3].SIMD1,busy_time,0.0,second
GPU[1].SA[6].CU[3].SIMD2,busy_time,0.0,second
GPU[1].SA[6].CU[3].SIMD3,busy_time,0.0,second
GPU[1].SA[7].CU[0].SIMD0,busy_time,0.0,second
GPU[1].SA[7].CU[0].SIMD1,busy_time,0.0,second
GPU[1].SA[7].CU[0].SIMD2,busy_time,0.0,second
GPU[1].SA[7].CU[0].SIMD3,busy_time,0.0,second
GPU[1].SA[7].CU[1].SIMD0,busy_time,0.0,second
GPU[1].SA[7].CU[1].SIMD1,busy_time,0.0,second
GPU[1].SA[7].CU[1].SIMD2,busy_time,0.0,second
GPU[1].SA[7].CU[1].SIMD3,busy_time,0.0,second
GPU[1].SA[7].CU[2].SIMD0,busy_time,0.0,second
GPU[1].SA[7].CU[2].SIMD1,busy_time,0.0,second
GPU[1].SA[7].CU[2].SIMD2,busy_time,0.0,second
GPU[1].SA[7].CU[2].SIMD3,busy_time,0.0,second
GPU[1].SA[7].CU[3].SIMD0,busy_time,0.0,second
GPU[1].SA[7].CU[3].SIMD1,busy_time,0.0,second
GPU[1].SA[7].CU[3].SIMD2,busy_time,0.0,second
GPU[1].SA[7].CU[3].SIMD3,busy_time,0.0,second
GPU[1].SA[8].CU[0].SIMD0,busy_time,0.0,second
GPU[1].SA[8].CU[0].SIMD1,busy_time,0.0,second
GPU[1].SA[8].CU[0].SIMD2,busy_time,0.0,second
GPU[1].SA[8].CU[0].SIMD3,busy_time,0.0,second
GPU[1].SA[8].CU[1].SIMD0,busy_time,0.0,second
GPU[1].SA[8].CU[1].SIMD1,busy_time,0.0,second
GPU[1].SA[8].CU[1].SIMD2,busy_time,0.0,second
GPU[1].SA[8].CU[1].SIMD3,busy_time,0.0,second
GPU[1].SA[8].CU[2].SIMD0,busy_time,0.0,second
GPU[1].SA[8].CU[2].SIMD1,busy_time,0.0,second
GPU[1].SA[8].CU[2].SIMD2,busy_time,0.0,second
GPU[1].SA[8].CU[2].SIMD3,busy_time,0.0,second
GPU[1].SA[8].CU[3].SIMD0,busy_time,0.0,second
GPU[1].SA[8].CU[3].SIMD1,busy_time,0.0,second
GPU[1].SA[8].CU[3].SIMD2,busy_time,0.0,second
GPU[1].SA[8].CU[3].SIMD3,busy_time,0.0,second
GPU[1].SA[9].CU[0].SIMD0,busy_time,0.0,second
GPU[1].SA[9].CU[0].SIMD1,busy_time,0.0,second
GPU[1].SA[9].CU[0].SIMD2,busy_time,0.0,second
GPU[1].SA[9].CU[0].SIMD3,busy_time,0.0,second
GPU[1].SA[9].CU[1].SIMD0,busy_time,0.0,second
GPU[1].SA[9].CU[1].SIMD1,busy_time,0.0,second
GPU[1].SA[9].CU[1].SIMD2,busy_time,0.0,second
GPU[1].SA[9].CU[1].SIMD3,busy_time,0.0,second
GPU[1].SA[9].CU[2].SIMD0,busy_time,0.0,second
GPU[1].SA[9].CU[2].SIMD1,busy_time,0.0,second
GPU[1].SA[9].CU[2].SIMD2,busy_time,0.0,second
GPU[1].SA[9].CU[2].SIMD3,busy_time,0.0,second
GPU[1].SA[9].CU[3].SIMD0,busy_time,0.0,second
GPU[1].SA[9].CU[3].SIMD1,busy_time,0.0,second
GPU[1].SA[9].CU[3].SIMD2,busy_time,0.0,second
GPU[1].SA[9].CU[3].SIMD3,busy_time,0.0,second
GPU[1].SA[10].CU[0].SIMD0,busy_time,0.0,second
GPU[1].SA[10].CU[0].SIMD1,busy_time,0.0,second
GPU[1].SA[10].CU[0].SIMD2,busy_time,0.0,second
GPU[1].SA[10].CU[0].SIMD3,busy_time,0.0,second
GPU[1].SA[10].CU[1].SIMD0,busy_time,0.0,second
GPU[1].SA[10].CU[1].SIMD1,busy_time,0.0,second
GPU[1].SA[10].CU[1].SIMD2,busy_time,0.0,second
GPU[1].SA[10].CU[1].SIMD3,busy_time,0.0,second
GPU[1].SA[10].CU[2].SIMD0,busy_time,0.0,second
GPU[1].SA[10].CU[2].SIMD1,busy_time,0.0,second
GPU[1].SA[10].CU[2].SIMD2,busy_time,0.0,second
GPU[1].SA[10].CU[2].SIMD3,busy_time,0.0,second
GPU[1].SA[10].CU[3].SIMD0,busy_time,0.0,second
GPU[1].SA[10].CU[3].SIMD1,busy_time,0.0,second
GPU[1].SA[10].CU[3].SIMD2,busy_time,0.0,second
GPU[1].SA[10].CU[3].SIMD3,busy_time,0.0,second
GPU[1].SA[11].CU[0].SIMD0,busy_time,0.0,second
GPU[1].SA[11].CU[0].SIMD1,busy_time,0.0,second
GPU[1].SA[11].CU[0].SIMD2,busy_time,0.0,second
GPU[1].SA[11].CU[0].SIMD3,busy_time,0.0,second
GPU[1].SA[11].CU[1].SIMD0,busy_time,0.0,second
GPU[1].SA[11].CU[1].SIMD1,busy_time,0.0,second
GPU[1].SA[11].CU[1].SIMD2,busy_time,0.0,second
GPU[1].SA[11].CU[1].SIMD3,busy_time,0.0,second
GPU[1].SA[11].CU[2].SIMD0,busy_time,0.0,second
GPU[1].SA[11].CU[2].SIMD1,busy_time,0.0,second
GPU[1].SA[11].CU[2].SIMD2,busy_time,0.0,second
GPU[1].SA[11].CU[2].SIMD3,busy_time,0.0,second
GPU[1].SA[11].CU[3].SIMD0,busy_time,0.0,second
GPU[1].SA[11].CU[3].SIMD1,busy_time,0.0,second
GPU[1].SA[11].CU[3].SIMD2,busy_time,0.0,second
GPU[1].SA[11].CU[3].SIMD3,busy_time,0.0,second
GPU[1].SA[12].CU[0].SIMD0,busy_time,0.0,second
GPU[1].SA[12].CU[0].SIMD1,busy_time,0.0,second
GPU[1].SA[12].CU[0].SIMD2,busy_time,0.0,second
GPU[1].SA[12].CU[0].SIMD3,busy_time,0.0,second
GPU[1].SA[12].CU[1].SIMD0,busy_time,0.0,second
GPU[1].SA[12].CU[1].SIMD1,busy_time,0.0,second
GPU[1].SA[12].CU[1].SIMD2,busy_time,0.0,second
GPU[1].SA[12].CU[1].SIMD3,busy_time,0.0,second
GPU[1].SA[12].CU[2].SIMD0,busy_time,0.0,second
GPU[1].SA[12].CU[2].SIMD1,busy_time,0.0,second
GPU[1].SA[12].CU[2].SIMD2,busy_time,0.0,second
GPU[1].SA[12].CU[2].SIMD3,busy_time,0.0,second
GPU[1].SA[12].CU[3].SIMD0,busy_time,0.0,second
GPU[1].SA[12].CU[3].SIMD1,busy_time,0.0,second
GPU[1].SA[12].CU[3].SIMD2,busy_time,0.0,second
GPU[1].SA[12].CU[3].SIMD3,busy_time,0.0,second
GPU[1].SA[13].CU[0].SIMD0,busy_time,0.0,second
GPU[1].SA[13].CU[0].SIMD1,busy_time,0.0,second
GPU[1].SA[13].CU[0].SIMD2,busy_time,0.0,second
GPU[1].SA[13].CU[0].SIMD3,busy_time,0.0,second
GPU[1].SA[13].CU[1].SIMD0,busy_time,0.0,second
GPU[1].SA[13].CU[1].SIMD1,busy_time,0.0,second
GPU[1].SA[13].CU[1].SIMD2,busy_time,0.0,second
GPU[1].SA[13].CU[1].SIMD3,busy_time,0.0,second
GPU[1].SA[13].CU[2].SIMD0,busy_time,0.0,second
GPU[1].SA[13].CU[2].SIMD1,busy_time,0.0,second
GPU[1].SA[13].CU[2].SIMD2,busy_time,0.0,second
GPU[1].SA[13].CU[2].SIMD3,busy_time,0.0,second
GPU[1].SA[13].CU[3].SIMD0,busy_time,0.0,second
GPU[1].SA[13].CU[3].SIMD1,busy_time,0.0,second
GPU[1].SA[13].CU[3].SIMD2,busy_time,0.0,second
GPU[1].SA[13].CU[3].SIMD3,busy_time,0.0,second
GPU[1].SA[14].CU[0].SIMD0,busy_time,0.0,second
GPU[1].SA[14].CU[0].SIMD1,busy_time,0.0,second
GPU[1].SA[14].CU[0].SIMD2,busy_time,0.0,second
GPU[1].SA[14].CU[0].SIMD3,busy_time,0.0,second
GPU[1].SA[14].CU[1].SIMD0,busy_time,0.0,second
GPU[1].SA[14].CU[1].SIMD1,busy_time,0.0,second
GPU[1].SA[14].CU[1].SIMD2,busy_time,0.0,second
GPU[1].SA[14].CU[1].SIMD3,busy_time,0.0,second
GPU[1].SA[14].CU[2].SIMD0,busy_time,0.0,second
GPU[1].SA[14].CU[2].SIMD1,busy_time,0.0,second
GPU[1].SA[14].CU[2].SIMD2,busy_time,0.0,second
GPU[1].SA[14].CU[2].SIMD3,busy_time,0.0,second
GPU[1].SA[14].CU[3].SIMD0,busy_time,0.0,second
GPU[1].SA[14].CU[3].SIMD1,busy_time,0.0,second
GPU[1].SA[14].CU[3].SIMD2,busy_time,0.0,second
GPU[1].SA[14].CU[3].SIMD3,busy_time,0.0,second
GPU[1].SA[15].CU[0].SIMD0,busy_time,0.0,second
GPU[1].SA[15].CU[0].SIMD1,busy_time,0.0,second
GPU[1].SA[15].CU[0].SIMD2,busy_time,0.0,second
GPU[1].SA[15].CU[0].SIMD3,busy_time,0.0,second
GPU[1].SA[15].CU[1].SIMD0,busy_time,0.0,second
GPU[1].SA[15].CU[1].SIMD1,busy_time,0.0,second
GPU[1].SA[15].CU[1].SIMD2,busy_time,0.0,second
GPU[1].SA[15].CU[1].SIMD3,busy_time,0.0,second
GPU[1].SA[15].CU[2].SIMD0,busy_time,0.0,second
GPU[1].SA[15].CU[2].SIMD1,busy_time,0.0,second
GPU[1].SA[15].CU[2].SIMD2,busy_time,0.0,second
GPU[1].SA[15].CU[2].SIMD3,busy_time,0.0,second
GPU[1].SA[15].CU[3].SIMD0,busy_time,0.0,second
GPU[1].SA[15].CU[3].SIMD1,busy_time,0.0,second
GPU[1].SA[15].CU[3].SIMD2,busy_time,0.0,second
GPU[1].SA[15].CU[3].SIMD3,busy_time,0.0,second
GPU[1].L2Cache[0],req_average_latency,9.4126e-08,second
GPU[1].L2Cache[1],req_average_latency,9.6775e-08,second
GPU[1].L2Cache[2],req_average_latency,9.7498e-08,second
GPU[1].L2Cache[3],req_average_latency,9.6775e-08,second
GPU[1].L2Cache[4],req_average_latency,9.6347e-08,second
GPU[1].L2Cache[5],req_average_latency,9.6775e-08,second
GPU[1].L2Cache[6],req_average_latency,9.8122e-08,second
GPU[1].L2Cache[7],req_average_latency,9.6775e-08,second
GPU[1].L2Cache[8],req_average_latency,9.7401e-08,second
GPU[1].L2Cache[9],req_average_latency,9.6628e-08,second
GPU[1].L2Cache[10],req_average_latency,9.7401e-08,second
GPU[1].L2Cache[11],req_average_latency,9.6628e-08,second
GPU[1].L2Cache[12],req_average_latency,9.5763e-08,second
GPU[1].L2Cache[13],req_average_latency,9.6152e-08,second
GPU[1].L2Cache[14],req_average_latency,9.788e-08,second
GPU[1].L2Cache[15],req_average_latency,9.6152e-08,second
GPU[1].SA[0].L1VCache[0],req_average_latency,1.22626e-07,second
GPU[1].SA[0].L1VCache[1],req_average_latency,1.22729e-07,second
GPU[1].SA[0].L1VCache[2],req_average_latency,1.21079e-07,second
GPU[1].SA[0].L1VCache[3],req_average_latency,1.21029e-07,second
GPU[1].SA[0].L1SCache,req_average_latency,9.1997e-08,second
GPU[1].SA[0].L1ICache,req_average_latency,1.8116e-08,second
GPU[1].L2Cache[0],read-hit,4.0,count
GPU[1].L2Cache[0],read-miss,36.0,count
GPU[1].L2Cache[0],read-mshr-hit,32.0,count
GPU[1].L2Cache[0],write-hit,0.0,count
GPU[1].L2Cache[0],write-miss,16.0,count
GPU[1].L2Cache[0],write-mshr-hit,0.0,count
GPU[1].L2Cache[1],read-hit,0.0,count
GPU[1].L2Cache[1],read-miss,34.0,count
GPU[1].L2Cache[1],read-mshr-hit,32.0,count
GPU[1].L2Cache[1],write-hit,0.0,count
GPU[1].L2Cache[1],write-miss,16.0,count
GPU[1].L2Cache[1],write-mshr-hit,0.0,count
GPU[1].L2Cache[2],read-hit,0.0,count
GPU[1].L2Cache[2],read-miss,34.0,count
GPU[1].L2Cache[2],read-mshr-hit,32.0,count
GPU[1].L2Cache[2],write-hit,0.0,count
GPU[1].L2Cache[2],write-miss,16.0,count
GPU[1].L2Cache[2],write-mshr-hit,0.0,count
GPU[1].L2Cache[3],read-hit,0.0,count
GPU[1].L2Cache[3],read-miss,34.0,count
GPU[1].L2Cache[3],read-mshr-hit,32.0,count
GPU[1].L2Cache[3],write-hit,0.0,count
GPU[1].L2Cache[3],write-miss,16.0,count
GPU[1].L2Cache[3],write-mshr-hit,0.0,count
GPU[1].L2Cache[4],read-hit,0.0,count
GPU[1].L2Cache[4],read-miss,34.0,count
GPU[1].L2Cache[4],read-mshr-hit,32.0,count
GPU[1].L2Cache[4],write-hit,0.0,count
GPU[1].L2Cache[4],write-miss,16.0,count
GPU[1].L2Cache[4],write-mshr-hit,0.0,count
GPU[1].L2Cache[5],read-hit,0.0,count
GPU[1].L2Cache[5],read-miss,34.0,count
GPU[1].L2Cache[5],read-mshr-hit,32.0,count
GPU[1].L2Cache[5],write-hit,0.0,count
GPU[1].L2Cache[5],write-miss,16.0,count
GPU[1].L2Cache[5],write-mshr-hit,0.0,count
GPU[1].L2Cache[6],read-hit,0.0,count
GPU[1].L2Cache[6],read-miss,34.0,count
GPU[1].L2Cache[6],read-mshr-hit,32.0,count
GPU[1].L2Cache[6],write-hit,0.0,count
GPU[1].L2Cache[6],write-miss,16.0,count
GPU[1].L2Cache[6],write-mshr-hit,0.0,count
GPU[1].L2Cache[7],read-hit,0.0,count
GPU[1].L2Cache[7],read-miss,34.0,count
GPU[1].L2Cache[7],read-mshr-hit,32.0,count
GPU[1].L2Cache[7],write-hit,0.0,count
GPU[1].L2Cache[7],write-miss,16.0,count
GPU[1].L2Cache[7],write-mshr-hit,0.0,count
GPU[1].L2Cache[8],read-hit,0.0,count
GPU[1].L2Cache[8],read-miss,34.0,count
GPU[1].L2Cache[8],read-mshr-hit,32.0,count
GPU[1].L2Cache[8],write-hit,0.0,count
GPU[1].L2Cache[8],write-miss,16.0,count
GPU[1].L2Cache[8],write-mshr-hit,0.0,count
GPU[1].L2Cache[9],read-hit,0.0,count
GPU[1].L2Cache[9],read-miss,34.0,count
GPU[1].L2Cache[9],read-mshr-hit,32.0,count
GPU[1].L2Cache[9],write-hit,0.0,count
GPU[1].L2Cache[9],write-miss,16.0,count
GPU[1].L2Cache[9],write-mshr-hit,0.0,count
GPU[1].L2Cache[10],read-hit,0.0,count
GPU[1].L2Cache[10],read-miss,34.0,count
GPU[1].L2Cache[10],read-mshr-hit,32.0,count
GPU[1].L2Cache[10],write-hit,0.0,count
GPU[1].L2Cache[10],write-miss,16.0,count
GPU[1].L2Cache[10],write-mshr-hit,0.0,count
GPU[1].L2Cache[11],read-hit,0.0,count
GPU[1].L2Cache[11],read-miss,34.0,count
GPU[1].L2Cache[11],read-mshr-hit,32.0,count
GPU[1].L2Cache[11],write-hit,0.0,count
GPU[1].L2Cache[11],write-miss,16.0,count
GPU[1].L2Cache[11],write-mshr-hit,0.0,count
GPU[1].L2Cache[12],read-hit,0.0,count
GPU[1].L2Cache[12],read-miss,32.0,count
GPU[1].L2Cache[12],read-mshr-hit,32.0,count
GPU[1].L2Cache[12],write-hit,0.0,count
GPU[1].L2Cache[12],write-miss,16.0,count
GPU[1].L2Cache[12],write-mshr-hit,0.0,count
GPU[1].L2Cache[13],read-hit,0.0,count
GPU[1].L2Cache[13],read-miss,32.0,count
GPU[1].L2Cache[13],read-mshr-hit,32.0,count
GPU[1].L2Cache[13],write-hit,0.0,count
GPU[1].L2Cache[13],write-miss,16.0,count
GPU[1].L2Cache[13],write-mshr-hit,0.0,count
GPU[1].L2Cache[14],read-hit,0.0,count
GPU[1].L2Cache[14],read-miss,32.0,count
GPU[1].L2Cache[14],read-mshr-hit,32.0,count
GPU[1].L2Cache[14],write-hit,0.0,count
GPU[1].L2Cache[14],write-miss,16.0,count
GPU[1].L2Cache[14],write-mshr-hit,0.0,count
GPU[1].L2Cache[15],read-hit,0.0,count
GPU[1].L2Cache[15],read-miss,32.0,count
GPU[1].L2Cache[15],read-mshr-hit,32.0,count
GPU[1].L2Cache[15],write-hit,0.0,count
GPU[1].L2Cache[15],write-miss,16.0,count
GPU[1].L2Cache[15],write-mshr-hit,0.0,count
GPU[1].SA[0].L1VCache[0],read-hit,0.0,count
GPU[1].SA[0].L1VCache[0],read-miss,257.0,count
GPU[1].SA[0].L1VCache[0],read-mshr-hit,0.0,count
GPU[1].SA[0].L1VCache[0],write-hit,0.0,count
GPU[1].SA[0].L1VCache[0],write-miss,64.0,count
GPU[1].SA[0].L1VCache[0],write-mshr-hit,0.0,count
GPU[1].SA[0].L1VCache[1],read-hit,0.0,count
GPU[1].SA[0].L1VCache[1],read-miss,257.0,count
GPU[1].SA[0].L1VCache[1],read-mshr-hit,0.0,count
GPU[1].SA[0].L1VCache[1],write-hit,0.0,count
GPU[1].SA[0].L1VCache[1],write-miss,64.0,count
GPU[1].SA[0].L1VCache[1],write-mshr-hit,0.0,count
GPU[1].SA[0].L1VCache[2],read-hit,0.0,count
GPU[1].SA[0].L1VCache[2],read-miss,257.0,count
GPU[1].SA[0].L1VCache[2],read-mshr-hit,0.0,count
GPU[1].SA[0].L1VCache[2],write-hit,0.0,count
GPU[1].SA[0].L1VCache[2],write-miss,64.0,count
GPU[1].SA[0].L1VCache[2],write-mshr-hit,0.0,count
GPU[1].SA[0].L1VCache[3],read-hit,0.0,count
GPU[1].SA[0].L1VCache[3],read-miss,257.0,count
GPU[1].SA[0].L1VCache[3],read-mshr-hit,0.0,count
GPU[1].SA[0].L1VCache[3],write-hit,0.0,count
GPU[1].SA[0].L1VCache[3],write-miss,64.0,count
GPU[1].SA[0].L1VCache[3],write-mshr-hit,0.0,count
GPU[1].SA[0].L1SCache,read-hit,4.0,count
GPU[1].SA[0].L1SCache,read-miss,2.0,count
GPU[1].SA[0].L1SCache,read-mshr-hit,10.0,count
GPU[1].SA[0].L1SCache,write-hit,0.0,count
GPU[1].SA[0].L1SCache,write-miss,0.0,count
GPU[1].SA[0].L1SCache,write-mshr-hit,0.0,count
GPU[1].SA[0].L1ICache,read-hit,836.0,count
GPU[1].SA[0].L1ICache,read-miss,24.0,count
GPU[1].SA[0].L1ICache,read-mshr-hit,72.0,count
GPU[1].SA[0].L1ICache,write-hit,0.0,count
GPU[1].SA[0].L1ICache,write-miss,0.0,count
GPU[1].SA[0].L1ICache,write-mshr-hit,0.0,count
GPU[1].L2Cache[0],prefetch_requests,0.0,count
GPU[1].L2Cache[0],prefetch_hits,0.0,count
GPU[1].L2Cache[0],cache_pollution,0.0,count
GPU[1].L2Cache[0],mshr_hits,32.0,count
GPU[1].L2Cache[0],mshr_misses,36.0,count
GPU[1].L2Cache[1],prefetch_requests,0.0,count
GPU[1].L2Cache[1],prefetch_hits,0.0,count
GPU[1].L2Cache[1],cache_pollution,0.0,count
GPU[1].L2Cache[1],mshr_hits,32.0,count
GPU[1].L2Cache[1],mshr_misses,34.0,count
GPU[1].L2Cache[2],prefetch_requests,0.0,count
GPU[1].L2Cache[2],prefetch_hits,0.0,count
GPU[1].L2Cache[2],cache_pollution,0.0,count
GPU[1].L2Cache[2],mshr_hits,32.0,count
GPU[1].L2Cache[2],mshr_misses,34.0,count
GPU[1].L2Cache[3],prefetch_requests,0.0,count
GPU[1].L2Cache[3],prefetch_hits,0.0,count
GPU[1].L2Cache[3],cache_pollution,0.0,count
GPU[1].L2Cache[3],mshr_hits,32.0,count
GPU[1].L2Cache[3],mshr_misses,34.0,count
GPU[1].L2Cache[4],prefetch_requests,0.0,count
GPU[1].L2Cache[4],prefetch_hits,0.0,count
GPU[1].L2Cache[4],cache_pollution,0.0,count
GPU[1].L2Cache[4],mshr_hits,32.0,count
GPU[1].L2Cache[4],mshr_misses,34.0,count
GPU[1].L2Cache[5],prefetch_requests,0.0,count
GPU[1].L2Cache[5],prefetch_hits,0.0,count
GPU[1].L2Cache[5],cache_pollution,0.0,count
GPU[1].L2Cache[5],mshr_hits,32.0,count
GPU[1].L2Cache[5],mshr_misses,34.0,count
GPU[1].L2Cache[6],prefetch_requests,0.0,count
GPU[1].L2Cache[6],prefetch_hits,0.0,count
GPU[1].L2Cache[6],cache_pollution,0.0,count
GPU[1].L2Cache[6],mshr_hits,32.0,count
GPU[1].L2Cache[6],mshr_misses,34.0,count
GPU[1].L2Cache[7],prefetch_requests,0.0,count
GPU[1].L2Cache[7],prefetch_hits,0.0,count
GPU[1].L2Cache[7],cache_pollution,0.0,count
GPU[1].L2Cache[7],mshr_hits,32.0,count
GPU[1].L2Cache[7],mshr_misses,34.0,count
GPU[1].L2Cache[8],prefetch_requests,0.0,count
GPU[1].L2Cache[8],prefetch_hits,0.0,count
GPU[1].L2Cache[8],cache_pollution,0.0,count
GPU[1].L2Cache[8],mshr_hits,32.0,count
GPU[1].L2Cache[8],mshr_misses,34.0,count
GPU[1].L2Cache[9],prefetch_requests,0.0,count
GPU[1].L2Cache[9],prefetch_hits,0.0,count
GPU[1].L2Cache[9],cache_pollution,0.0,count
GPU[1].L2Cache[9],mshr_hits,32.0,count
GPU[1].L2Cache[9],mshr_misses,34.0,count
GPU[1].L2Cache[10],prefetch_requests,0.0,count
GPU[1].L2Cache[10],prefetch_hits,0.0,count
GPU[1].L2Cache[10],cache_pollution,0.0,count
GPU[1].L2Cache[10],mshr_hits,32.0,count
GPU[1].L2Cache[10],mshr_misses,34.0,count
GPU[1].L2Cache[11],prefetch_requests,0.0,count
GPU[1].L2Cache[11],prefetch_hits,0.0,count
GPU[1].L2Cache[11],cache_pollution,0.0,count
GPU[1].L2Cache[11],mshr_hits,32.0,count
GPU[1].L2Cache[11],mshr_misses,34.0,count
GPU[1].L2Cache[12],prefetch_requests,0.0,count
GPU[1].L2Cache[12],prefetch_hits,0.0,count
GPU[1].L2Cache[12],cache_pollution,0.0,count
GPU[1].L2Cache[12],mshr_hits,32.0,count
GPU[1].L2Cache[12],mshr_misses,32.0,count
GPU[1].L2Cache[13],prefetch_requests,0.0,count
GPU[1].L2Cache[13],prefetch_hits,0.0,count
GPU[1].L2Cache[13],cache_pollution,0.0,count
GPU[1].L2Cache[13],mshr_hits,32.0,count
GPU[1].L2Cache[13],mshr_misses,32.0,count
GPU[1].L2Cache[14],prefetch_requests,0.0,count
GPU[1].L2Cache[14],prefetch_hits,0.0,count
GPU[1].L2Cache[14],cache_pollution,0.0,count
GPU[1].L2Cache[14],mshr_hits,32.0,count
GPU[1].L2Cache[14],mshr_misses,32.0,count
GPU[1].L2Cache[15],prefetch_requests,0.0,count
GPU[1].L2Cache[15],prefetch_hits,0.0,count
GPU[1].L2Cache[15],cache_pollution,0.0,count
GPU[1].L2Cache[15],mshr_hits,32.0,count
GPU[1].L2Cache[15],mshr_misses,32.0,count
GPU[1].L2TLB,hit,4.0,count
GPU[1].L2TLB,miss,14.0,count
GPU[1].L2TLB,mshr-hit,20.0,count
GPU[1].SA[0].L1VTLB[0],hit,208.0,count
GPU[1].SA[0].L1VTLB[0],miss,9.0,count
GPU[1].SA[0].L1VTLB[0],mshr-hit,104.0,count
GPU[1].SA[0].L1VTLB[1],hit,208.0,count
GPU[1].SA[0].L1VTLB[1],miss,9.0,count
GPU[1].SA[0].L1VTLB[1],mshr-hit,104.0,count
GPU[1].SA[0].L1VTLB[2],hit,208.0,count
GPU[1].SA[0].L1VTLB[2],miss,9.0,count
GPU[1].SA[0].L1VTLB[2],mshr-hit,104.0,count
GPU[1].SA[0].L1VTLB[3],hit,208.0,count
GPU[1].SA[0].L1VTLB[3],miss,9.0,count
GPU[1].SA[0].L1VTLB[3],mshr-hit,104.0,count
GPU[1].SA[0].L1STLB,hit,4.0,count
GPU[1].SA[0].L1STLB,miss,1.0,count
GPU[1].SA[0].L1STLB,mshr-hit,11.0,count
GPU[1].SA[0].L1ITLB,hit,23.0,count
GPU[1].SA[0].L1ITLB,miss,1.0,count
GPU[1].SA[0].L1ITLB,mshr-hit,0.0,count
GPU[1].RDMA,outgoing_trans_count,0.0,count
GPU[1].RDMA,incoming_trans_count,0.0,count
GPU[1].DRAM[0],read_trans_count,52.0,count
GPU[1].DRAM[0],write_trans_count,53.0,count
GPU[1].DRAM[0],read_avg_latency,9.9e-08,second
GPU[1].DRAM[0],write_avg_latency,9.9e-08,second
GPU[1].DRAM[0],read_size,3328.0,bytes
GPU[1].DRAM[0],write_size,3362.0,bytes
GPU[1].DRAM[1],read_trans_count,50.0,count
GPU[1].DRAM[1],write_trans_count,50.0,count
GPU[1].DRAM[1],read_avg_latency,9.9e-08,second
GPU[1].DRAM[1],write_avg_latency,9.9e-08,second
GPU[1].DRAM[1],read_size,3200.0,bytes
GPU[1].DRAM[1],write_size,3200.0,bytes
GPU[1].DRAM[2],read_trans_count,50.0,count
GPU[1].DRAM[2],write_trans_count,50.0,count
GPU[1].DRAM[2],read_avg_latency,9.9e-08,second
GPU[1].DRAM[2],write_avg_latency,9.9e-08,second
GPU[1].DRAM[2],read_size,3200.0,bytes
GPU[1].DRAM[2],write_size,3200.0,bytes
GPU[1].DRAM[3],read_trans_count,50.0,count
GPU[1].DRAM[3],write_trans_count,50.0,count
GPU[1].DRAM[3],read_avg_latency,9.9e-08,second
GPU[1].DRAM[3],write_avg_latency,9.9e-08,second
GPU[1].DRAM[3],read_size,3200.0,bytes
GPU[1].DRAM[3],write_size,3200.0,bytes
GPU[1].DRAM[4],read_trans_count,50.0,count
GPU[1].DRAM[4],write_trans_count,50.0,count
GPU[1].DRAM[4],read_avg_latency,9.9e-08,second
GPU[1].DRAM[4],write_avg_latency,9.9e-08,second
GPU[1].DRAM[4],read_size,3200.0,bytes
GPU[1].DRAM[4],write_size,3200.0,bytes
GPU[1].DRAM[5],read_trans_count,50.0,count
GPU[1].DRAM[5],write_trans_count,50.0,count
GPU[1].DRAM[5],read_avg_latency,9.9e-08,second
GPU[1].DRAM[5],write_avg_latency,9.9e-08,second
GPU[1].DRAM[5],read_size,3200.0,bytes
GPU[1].DRAM[5],write_size,3200.0,bytes
GPU[1].DRAM[6],read_trans_count,50.0,count
GPU[1].DRAM[6],write_trans_count,50.0,count
GPU[1].DRAM[6],read_avg_latency,9.9e-08,second
GPU[1].DRAM[6],write_avg_latency,9.9e-08,second
GPU[1].DRAM[6],read_size,3200.0,bytes
GPU[1].DRAM[6],write_size,3200.0,bytes
GPU[1].DRAM[7],read_trans_count,50.0,count
GPU[1].DRAM[7],write_trans_count,50.0,count
GPU[1].DRAM[7],read_avg_latency,9.9e-08,second
GPU[1].DRAM[7],write_avg_latency,9.9e-08,second
GPU[1].DRAM[7],read_size,3200.0,bytes
GPU[1].DRAM[7],write_size,3200.0,bytes
GPU[1].DRAM[8],read_trans_count,50.0,count
GPU[1].DRAM[8],write_trans_count,50.0,count
GPU[1].DRAM[8],read_avg_latency,9.9e-08,second
GPU[1].DRAM[8],write_avg_latency,9.9e-08,second
GPU[1].DRAM[8],read_size,3200.0,bytes
GPU[1].DRAM[8],write_size,3200.0,bytes
GPU[1].DRAM[9],read_trans_count,50.0,count
GPU[1].DRAM[9],write_trans_count,50.0,count
GPU[1].DRAM[9],read_avg_latency,9.9e-08,second
GPU[1].DRAM[9],write_avg_latency,9.9e-08,second
GPU[1].DRAM[9],read_size,3200.0,bytes
GPU[1].DRAM[9],write_size,3200.0,bytes
GPU[1].DRAM[10],read_trans_count,50.0,count
GPU[1].DRAM[10],write_trans_count,50.0,count
GPU[1].DRAM[10],read_avg_latency,9.9e-08,second
GPU[1].DRAM[10],write_avg_latency,9.9e-08,second
GPU[1].DRAM[10],read_size,3200.0,bytes
GPU[1].DRAM[10],write_size,3200.0,bytes
GPU[1].DRAM[11],read_trans_count,50.0,count
GPU[1].DRAM[11],write_trans_count,50.0,count
GPU[1].DRAM[11],read_avg_latency,9.9e-08,second
GPU[1].DRAM[11],write_avg_latency,9.9e-08,second
GPU[1].DRAM[11],read_size,3200.0,bytes
GPU[1].DRAM[11],write_size,3164.0,bytes
GPU[1].DRAM[12],read_trans_count,48.0,count
GPU[1].DRAM[12],write_trans_count,48.0,count
GPU[1].DRAM[12],read_avg_latency,9.9e-08,second
GPU[1].DRAM[12],write_avg_latency,9.9e-08,second
GPU[1].DRAM[12],read_size,3072.0,bytes
GPU[1].DRAM[12],write_size,3072.0,bytes
GPU[1].DRAM[13],read_trans_count,48.0,count
GPU[1].DRAM[13],write_trans_count,48.0,count
GPU[1].DRAM[13],read_avg_latency,9.9e-08,second
GPU[1].DRAM[13],write_avg_latency,9.9e-08,second
GPU[1].DRAM[13],read_size,3072.0,bytes
GPU[1].DRAM[13],write_size,3072.0,bytes
GPU[1].DRAM[14],read_trans_count,48.0,count
GPU[1].DRAM[14],write_trans_count,48.0,count
GPU[1].DRAM[14],read_avg_latency,9.9e-08,second
GPU[1].DRAM[14],write_avg_latency,9.9e-08,second
GPU[1].DRAM[14],read_size,3072.0,bytes
GPU[1].DRAM[14],write_size,3072.0,bytes
GPU[1].DRAM[15],read_trans_count,48.0,count
GPU[1].DRAM[15],write_trans_count,48.0,count
GPU[1].DRAM[15],read_avg_latency,9.9e-08,second
GPU[1].DRAM[15],write_avg_latency,9.9e-08,second
GPU[1].DRAM[15],read_size,3072.0,bytes
GPU[1].DRAM[15],write_size,3072.0,bytes
